feature_group1_1,feature_group1_2,feature_group1_3,feature_group2_1,feature_group2_2,feature_group2_3,feature_independent_1,feature_independent_2,feature_independent_3,feature_independent_4,category
0.4671940923418161,2.0079553997532598,0.6406382295787845,0.32210685507891046,1.4771409932702022,0.0438913918247836,0.40660259337398863,0.7156833909155917,1.9631188532181634,0.6397324658288756,Class_2
-0.48639060719164595,-0.7355644183590309,-1.4657692946907073,1.1837616837552345,2.3762476091928315,-0.10188526508783312,0.135747655412824,0.3341702443590404,0.4070758810591333,0.5191894255096583,Class_1
3.3252567245988893,1.647495024362743,-1.3701881647766117,-0.38451208844444684,0.5294291384868913,0.5087721121578475,0.28230296294680013,0.1482877725703808,-0.8519357934133595,-1.2441636767064947,Class_3
2.8409683588311605,3.3086163643601756,0.6679438289313631,-0.8845915412273986,1.5010339682041267,0.670067989423351,0.1639105864215426,-0.5653076674687632,0.5678100735914721,0.6643204141241156,Class_3
0.16206334679285672,0.2057465336905457,1.5591101945750412,-1.0655256786301408,0.5140217777207867,0.7114126038661508,1.028271782414771,-0.371242116269192,0.7890590287810922,0.03634026216467067,Class_1
2.303647726496888,2.365721414027408,0.31551762601696176,-1.0738184875567842,-0.180961385790133,-0.32625353105437693,0.1639397620796787,-1.050013253825812,0.9243044166482057,0.12573680447025612,Class_2
1.3679543031234849,1.0333324445475662,2.044854926939421,1.077795073812378,0.35522399697018653,0.7246677871729446,-0.10465690978968079,0.31281546682300054,0.6144902512445309,0.34636137755842983,Class_2
3.112936587800371,3.089193572735099,0.2039972738894658,0.02049608798562702,0.15359330155413536,0.758687977683948,0.01911899748001417,-0.10292971544017018,-0.9561274877098884,-0.47287303034839057,Class_3
4.492009045081175,3.8915865774052087,-0.5215798921014474,1.270222258481592,-0.5977182198476182,-0.44463455812352637,1.3103965455149875,-0.24557687357105235,0.45568136108736085,-0.5011085094633624,Class_3
-0.7532943319788035,0.6424001918552714,0.580817257756816,-1.109423592168171,0.13711064958092722,0.9176957213642197,0.13174360766552978,-0.3923809540638517,-0.548651263816422,-1.024970639288739,Class_1
0.0912310088128297,0.5886689783013397,0.15639724315281459,0.245000051791321,-0.5929325449675972,-2.306771243422447,-0.3816430520892908,0.4240871063333341,-0.41929289922361557,0.8774665358236208,Class_1
2.716717929507907,3.6708016512068813,-0.8751444825289817,1.5226822068167234,-1.3291197441427949,-0.07555576909994918,-0.026560326508772672,-0.6016004276945722,0.36624605138990113,-0.5518349142651846,Class_3
4.372658879747915,2.5216069844658597,1.6840924560834,-0.18308916984521872,-0.6566811400019035,-0.5053298114789951,-0.2040504195801103,0.410172006306228,-0.12942720018491582,-0.8759144033758596,Class_3
0.09874098503450418,3.172448647769984,0.13365308299067902,-0.02385914236839473,0.46196108007417835,0.021705479637042738,-0.6693028998616244,0.0476720997206541,0.14609636416318658,0.11701222717657397,Class_1
0.5074132221512608,-0.3759686840853537,1.4051495624133197,1.0766813425744834,-0.10234810427029131,-1.1852458648012696,-0.6596235972993837,-0.38499803309872865,-0.06135446679786207,-0.5983943232131558,Class_1
3.471868277731152,2.2461133303318164,-2.4337132893084314,1.0648716208082956,0.159875854785842,-0.11741707409982816,0.498429386732904,-0.12074872293538953,-0.4231579887328679,-0.25070107344281833,Class_2
1.2874735916960236,1.3943625692367367,-0.8349109802033732,1.4887262336910694,0.41326184102855723,-0.20359922081626702,-0.2900266206850215,-0.5459669501976565,-0.3589594453738009,-0.2777733897434333,Class_2
3.405741240741711,4.070194736362074,-1.3154355989593944,0.25757366521251823,-0.7044070066744629,0.15342305527686495,0.9354825876858911,-0.23290278455908142,0.2333354909830405,-1.4534941096608207,Class_3
5.636495726356051,1.3411016531144502,-0.5216029476399604,0.9118797115975534,-0.969831262960087,-0.916261972297359,0.9962576765840592,-0.16472389317354563,-0.3034325889285876,-0.9835348517935764,Class_3
0.31763157637793576,-0.7955981284498287,0.6117741525416414,-0.8276005664788502,0.4543027351606028,1.0373625426784179,0.3416644964055347,0.27614996883976173,0.2674086681729551,0.11263205862377479,Class_1
0.4862553556503001,-0.7461726127297227,1.3583897821549522,-0.022861823366114385,-0.33353442768568153,0.016853510483827792,0.4609007509886261,0.9812935952653974,0.04587624222418643,-0.06969860033161708,Class_1
2.909886358211819,4.562091454983012,0.201908465507814,-0.527389874415678,-0.191360753573312,-0.2989558202566077,0.2757381376197616,-0.3670868993892479,0.24103336366769307,-0.7596730377384213,Class_3
2.450097143491654,1.8099940930721141,0.11386448996699944,-0.9402869030553987,0.3768753434334283,0.056091974263560856,0.5106916477146992,0.19316165890578,-0.09344807908099242,-0.05533268427866472,Class_2
1.7572980631043342,0.7003093593661627,1.1744901790264026,0.7077028802007209,-1.098705704982565,-1.0727196385528006,0.7218160017344071,-0.06724839220086636,0.10769825272814397,0.20980498601205907,Class_2
3.231461710374338,1.289673423235967,-0.49966854939859845,-1.0132559166398623,-0.3507928474462406,-0.22770542359367069,0.44364541863337104,-0.6835689032301229,-0.153904235569442,0.16079660566961929,Class_2
1.4281327149969019,3.407358932228366,0.2800928919161342,0.4189703332206232,1.0268303055777828,0.7680660800810797,0.0379776339580437,-0.5877973028124258,-0.2656071473037992,0.15872663062508743,Class_2
-0.5951902654275609,-0.8785635261734979,0.7200850348494667,-0.5838546232559825,-0.9485129843196275,-0.5333103320551443,-0.27477856795429006,0.16752901454205876,-1.3737524213626173,-0.09292287609637355,Class_1
2.8605187600959607,2.407907008905574,0.4505394687248771,-0.6441918072072357,-0.17847890961705729,-0.04349296456524787,0.018968917723801014,-0.6162616573842545,-0.4433404611417287,0.009200815391719065,Class_2
6.069036764531205,1.176719565700213,-1.6378214440856436,-1.36262352914226,0.684908774622741,0.5714436232586706,0.24134394360460634,0.0018478359239236628,0.1261201982133387,0.3698265758623357,Class_3
0.9452767420932677,1.4747454769241306,-1.2866427735103794,-0.10612075390721012,-0.10859777606619675,0.23471423943729386,0.27775632317112414,0.2814404300871774,-0.44462041411416225,-0.8656006517224627,Class_2
4.927833192651437,3.6640432652076673,-0.9481308233755608,1.349494791258542,-0.022875138885807,0.7499143911859175,-0.5741316443763091,0.6374375206393611,-0.27477013729776745,-0.2355623259089393,Class_3
1.0434395696958785,2.727398107237498,0.050249258455992166,-0.3625839573252995,-0.38331212472997356,0.9282787820006843,0.19534796046407207,0.22864020230762055,0.19689864910812577,-0.2255794292044994,Class_2
0.8828567118295734,-0.7869509888608953,-0.6379086305432814,-1.319865366784128,-0.3704451699265525,-0.5826799112522046,0.7436230776679637,0.42726261353330786,-0.256598182256698,-0.4283860469133964,Class_1
4.868112851801551,2.673182291684534,1.7451822052016563,0.2430296176806956,0.02128038678891936,-0.4700233105986769,0.36078125256307175,-0.9813128458362895,-0.4548417084909168,0.9090309612789124,Class_3
4.281583606905677,2.9942664628618094,-0.3403752928019606,-0.9561212361434782,-2.517192328040766,0.07130375326366747,-0.7929916561189791,0.8777378491577451,0.602997258273408,0.42099184772606346,Class_3
-0.16337587106242396,-0.8063054864742175,0.301917349693655,0.39517095035133715,0.3063944967419643,-0.5523960163370695,-0.542575263278899,0.12465429782086443,-0.7585868483358396,-0.36480123490370475,Class_1
5.535228666867326,3.0946584195577183,-0.4056455075237754,-0.5886093903477909,-1.593642552428301,-0.3438404150962075,-0.14754495711895316,-0.26548544890598225,0.736335337875491,0.2215010652236876,Class_3
3.645799899629025,2.713713554164726,0.585595665785654,-0.348515917122885,-0.7607037029102679,1.2491708586323418,0.4592272219712069,0.17116891724481073,-0.11477432768017354,-0.5105812287801503,Class_3
1.032390528415433,1.3161412547925124,0.01252134891373731,1.1046259807500798,-0.0857290973032691,1.1385798705161412,-0.44767316118151207,0.1265826190189906,0.6115415335476625,-0.5771813341164922,Class_1
2.1069530377955186,1.9654993785091834,-0.6732694889021466,1.8312740022637992,0.8612932113447367,0.628491576408214,-0.1154331869223845,0.17482502364984684,-0.4682531873947979,0.38757774701739145,Class_2
-0.026100274287068626,2.746730420933993,1.2734154476594333,-0.33478483142668325,-0.5064702634736765,-0.2676331533103391,0.34645931151580556,-0.13172410804112455,-0.09366450920318735,-0.12426430903722469,Class_2
4.289112343362069,2.0893863539549553,0.6960918567087246,-0.3657921368661815,-0.8131956156883349,-0.185473252483698,0.1056418461397363,-0.8929332459670556,-0.6208802877408122,-0.9415751040292919,Class_3
0.6056353046247307,-0.33237852932926004,1.006767580332581,0.5533814536758705,1.6433739372656238,-0.10186671233895166,-0.21838211861910872,-0.5162619517637698,1.109390116724067,-0.48136628264230613,Class_2
3.408424088895874,3.8046946122490874,-0.27274820439070063,-0.35719196590637337,1.5323691553673822,-2.5454843323209455,-0.7655537512778613,0.2048813979797487,-0.026202225288734726,-0.9348708498477103,Class_3
5.320972242612752,2.2025576988435818,0.19684269634979445,-0.10169584221723935,0.3764997795620411,0.07614626944286144,0.1837408327371522,-0.5294537935283002,-0.09734864805834084,0.24560383270599823,Class_3
4.338399814518366,2.595298886478543,-0.237052819089915,-0.05420189625006078,-0.38754541772776985,-0.8195147861769934,-1.1234446669923026,-0.4242143170954073,0.03874025925943127,-0.9400050169538818,Class_3
3.776266025100191,1.3506796654239805,-0.3840638653803479,1.713055741295297,0.6859888646867454,-0.19180621053825347,-0.16703861548997026,-0.23974648369962168,-0.18325351018402591,0.017220505852920676,Class_3
2.5958837126033405,3.089906883838022,1.1078969697055427,1.8176864534766355,0.721320661927167,-1.0408118560319775,-0.6632360641555415,0.7279111610733833,-0.963836289672805,0.2758703999554602,Class_3
4.133939540995192,4.444177725678983,-0.08661821843222864,0.8610977685118187,0.8608641869870701,0.08995558979328414,-0.15424139422790986,0.27906975725925315,-0.09525155299890567,-0.3014103278919808,Class_3
0.9002236081985158,-0.6706054240583401,0.6869565307291481,-1.7526374450692437,-0.5336145418230437,-0.24983405626132965,-0.1935653248947573,0.23463379490426312,-0.26312392825871056,-0.02829424444994792,Class_1
3.9381869159343106,2.4194651991891822,-0.08025364187259447,-0.008254041293835366,-0.788474095593686,0.7258443267469927,-0.06272713000145011,0.1838246464957108,0.34275386939510205,0.194489364676092,Class_3
2.437079057425164,1.3781549161538087,-0.6588832920923434,-1.5621654792260742,0.19463320313354915,0.22176294103250133,-0.02510230852087239,-0.7743091494318733,0.993637999615404,0.3880139569217377,Class_2
3.672080539059307,3.8105295136033055,-0.2698235849264644,-0.11888566475078624,-1.0794900752080678,0.2651162214744264,0.670230525895174,-0.09226267882792477,-0.888123166733226,-0.6677407845499455,Class_3
1.1252747622193184,-0.1256990445766233,-0.528658300747685,-0.3745510538680817,-0.9348282606405045,-1.1629904274749387,0.21004724522592064,0.5057315177041781,-0.058114521560978974,-0.9546780437536464,Class_2
2.8002952867211226,2.037474931347637,0.18084724345299957,-0.11801742657277861,0.02823022417303006,-0.9189301369961945,-1.1096501863737676,0.4426157414944955,0.3343274023789533,-0.37789575007918147,Class_3
5.565666961915965,4.329730180844946,-0.859229262360776,-0.2501891208100021,-0.5819960411449341,0.16468304942208178,-0.6905223015768874,-0.26942092809636914,-0.2923088653285998,0.8159284495445545,Class_3
4.145237895047487,3.651604688931977,-1.3100607490068936,0.12295620382976444,-0.021949266929156767,0.2715743570297203,-0.3547899273745863,0.20743275018095528,0.4982852552897236,0.42338538760824684,Class_3
2.086399668526357,0.7167844485359327,1.298141733978605,0.41872635641981487,0.5233101693153798,-1.1129169943056239,0.39518594802585566,0.31103499515302435,-0.14372375970017778,-0.06475862343172038,Class_2
4.0680126513654,3.3901681476697147,0.8510636593839119,-1.0388093279117592,-0.3669393340816094,-0.22387437343331762,-0.14983832400339353,-0.08838708155789105,-0.6841575194164052,-0.6585659599732925,Class_3
2.386080264607901,0.4953671478977555,-0.1592545612852453,1.1475619017174945,-0.8520242722178804,0.6200641379707068,-0.13948146516590426,0.5408833638364143,-1.0420564697492942,0.5208623320294257,Class_2
3.1689628572569637,2.8297313717583843,-1.3454335462400173,-0.8136527066907798,0.667942320205787,0.6202490235584551,-0.1173102849787069,-0.09823329171404858,0.13502867919571104,-0.2079834639736793,Class_3
0.29178522426755027,-0.3154500357221385,-0.05310638201988793,0.009453610767707427,-0.22246654231893787,-0.5771660678428385,-0.1398800842479172,-0.6561095967157031,0.8623483248805542,0.2917721515059438,Class_1
3.8739240434671354,-0.38627714581403927,-1.0855103538719573,-0.9326949411554032,-0.6304420977399985,-0.6207118399310212,-0.5098321693460578,0.23159239763379222,-0.4622329940647772,-0.32912420616692417,Class_2
0.33736244791535436,-1.5061173081036403,1.6545039716162595,-0.4835482580390364,1.028931947368812,-0.43884726736515667,-0.5612724031222069,-0.10074576697375899,0.8694256759266656,-0.643581784292125,Class_1
0.8425482522607788,1.4086091132331982,0.39161340886552354,1.367809434452914,-0.2506180655523771,2.353880854942167,-0.18476346441667915,0.5357715761174429,-0.14991909813744028,0.22343625040134885,Class_2
2.738918727250006,2.2456925609996823,0.2991554324990688,0.22124147087848087,-0.44280721199530015,-0.3728530566744742,-0.4257032171301568,0.06177384797779117,0.6479358909315072,0.8277035565441476,Class_2
-0.06514955449019481,-2.093401235176237,-1.014853938219169,-0.4291404194181736,-0.17345809454476446,-0.023982601444576923,-0.6461313475528093,-0.4238169643095424,0.7384672130591372,-0.29326563478196777,Class_1
-1.572537590252105,-1.0221799192604664,-0.06994860649183277,-0.585505519667672,1.1587448657533037,0.6778924827613264,-0.03176228730767755,0.09071331005698569,1.2058383377892106,0.9148101008580436,Class_1
0.07626532431231285,-0.044069257898525366,0.8133220552559579,0.20049125444628196,0.5786118907809598,0.6091757444413719,-0.0069188730471186274,-0.5083415642882486,0.07062857004373162,-0.9089896126935774,Class_1
3.1341969879845117,2.1651896081474353,-0.9022857682382491,-0.38800210951880854,-0.7921980030181688,0.18161818048583128,0.4879083596723545,-0.16756889058572588,-0.30199031298461476,0.4757748852870216,Class_3
-0.2932960857108389,1.067798823456014,-0.5158967658165138,1.0072661582141875,0.6156992317876355,-0.39147318651925067,-0.41591110411522236,0.7596419618208844,0.41666695589015357,-0.3547205012137733,Class_1
3.5128685397935215,3.082843117197549,0.30178429006258506,0.1933786610771454,0.589245394248894,0.8140374152402176,0.3034252966078355,0.6707379577654405,0.10735659158526296,0.6591511624263346,Class_3
3.1477195641617186,2.627133157258572,0.057563923025110514,-0.38918375732326577,0.16457139679714194,0.09410556155384991,-0.46271231302979365,0.4476777153812998,-0.2644888540320076,-0.22954515510949589,Class_2
0.1598946370432806,0.1342074044348462,0.6289310658797095,0.07183048341517556,0.7534066352328157,-0.21054335439598637,0.6907270393452433,-0.10902294769618692,-0.7583212747103956,0.07848648048421711,Class_1
3.1752394497638647,1.5629710842078404,-0.4263237098790315,-0.6924471265932676,0.5339326899942737,-2.1615272778254546,-0.11489981528759691,-0.2961779778260268,0.049033769769472275,0.5243535632082817,Class_2
2.54459307608535,-0.8676500506063908,1.627021468560735,0.07294092166687777,0.7781062367092287,-0.7022013468068994,-0.12747789677684893,-0.6996530874009707,0.3789609249618098,-0.6047384677094026,Class_1
2.8554344244872434,1.9361160573940375,1.5833724935475324,0.44629060357135214,-0.5759373320155701,1.7243295461114105,0.28602872085707204,0.7016849850625954,0.6234458577673597,0.09521194496252887,Class_3
2.712763228285647,2.5245451369786642,-0.49396135650563855,-0.4381194647559397,1.3880873287597193,-1.3060844404966416,0.027467055499924363,0.42698798827611184,-0.19623555303043647,-0.13382054544939678,Class_3
2.5017297568573786,3.8739052454797376,0.4684743198588664,-0.3788001476811115,0.4198949603209945,0.511517144422597,0.2853064986097655,0.19340426034460131,-0.022756122650621085,-0.35344628399367445,Class_3
4.083363809749502,2.9400905793638237,0.24089361498191106,0.6154811475042861,0.3499550980756479,0.22880794632462909,0.2736323986889834,0.766183862339058,0.1792268091048102,-0.14156944837188357,Class_3
4.75599366241822,3.0922042917287493,0.10208381393300085,0.3349788333584265,-0.6584526966817208,-0.48998434837033267,-0.2733400422936327,-0.31768119441281467,0.1749000122839537,-0.2068027667108221,Class_3
3.640970961818253,3.4864771988858982,0.18097643554230725,0.39856076029690307,1.1752084667890557,0.7333487427033217,0.7266303316605173,-0.7824013856810276,-0.333889778234443,0.2765200429261792,Class_3
-0.5081333020758831,0.0969095818026911,0.3544009317491601,-0.07845656174257053,0.10342615616930106,-0.17959115773006776,0.14711206450674685,-0.1852540492950145,-0.29443341336934803,0.5795370324779489,Class_1
0.11478817126471585,-0.8039263615419481,0.854898975575969,1.1758033895648177,-0.49848946704947494,-0.3981684922411927,-0.10149031869782854,-0.6480583321249472,0.04668618713832562,0.44684884469455544,Class_1
0.9055907114741228,-0.45688867804880556,-2.175137417916111,-1.1264423925006064,0.24287912928064864,0.18383596082707226,-0.228650827543395,-0.2787115265541606,0.3010591601962418,0.35616107979008105,Class_1
3.303034176463213,1.6490461334195647,1.8897114904551406,-0.8784681964716043,1.0061757425331723,-0.8841577620809477,0.42979394348990096,0.15807797859138914,-0.2498650880758153,0.1549994915827774,Class_3
2.9403584950427097,3.5876017801099747,1.5582467873915056,0.31399086385130603,0.6508128078290452,-0.07333023442310296,0.04284358070167952,-0.4021578798299962,-0.3042948616198502,0.22795209758535145,Class_2
0.006349336338994677,1.7109326039674833,1.4279239265138428,1.2924224260244432,-0.9928433049436147,0.3167873873103005,-0.0657362978358339,0.09531779563251219,0.9520682947865035,-0.17127460042888248,Class_1
1.4636435807981432,1.614528059132651,0.21892035856214848,0.15354991195417178,-1.3400560706710594,-1.647737053954617,0.6187190673420696,0.29751473291778235,0.7581970276267865,-0.20484329631474868,Class_2
1.808388487730003,1.4805776578476895,-1.8005983770602394,-0.18405533412794395,0.06770683303909342,-0.029038479727177838,0.3713412091798611,-0.44753492113830234,0.24193832559401982,-0.16643020219125548,Class_2
4.1361542237253754,2.9392383011684298,2.296462664393152,0.4340309588371018,0.6904119512985472,1.2373652709709082,-0.11469537203401388,0.041913313964680475,-0.02444859173705277,-0.20571330355800124,Class_3
1.3315114754316193,-1.2576645513311884,1.0100280096113066,0.3568871354566804,-0.2133870920363667,0.12490475036269241,-0.6292524553376673,0.2316442650590532,-0.23324768961409897,-1.0636137101757477,Class_1
-0.476663426785056,2.0143175630538193,-0.6829643501467296,0.6833967363635116,0.3245858061669289,-0.9212533689488909,0.48409233026643056,0.5454902125929835,-0.21211816669902175,0.42777782951035603,Class_1
-1.1228709637164815,0.6748541488012201,-0.7030779711338544,1.947151982409667,0.8813934871052939,0.5828955949931633,-0.08717712895141792,0.15565433672144258,-0.1369965409146521,-0.49114701712733977,Class_1
3.647826810447803,1.8697994410710854,-0.41997109780493497,-0.44307815635659387,-1.2211940445602159,-0.4892767575818981,0.7689659592062764,-0.5688428352124083,-0.3177789207022017,0.6628983237710953,Class_3
4.2911249379233105,3.929434290217073,-1.1609193832480824,-0.7648437281580547,0.2408469440984679,0.13507734013024436,0.4242154411026423,-0.01571958518738821,-0.4759592300111178,-0.7675201237661798,Class_3
0.5738305142785974,-0.35095349287936384,0.41522542166645254,0.09246321561481072,1.09657934569307,0.5278834108762338,0.46213506976891483,0.3113556119501343,-0.5531467562058171,0.15659223693249,Class_1
1.6307163422282573,-1.1449993492929518,0.31165309363648597,-0.8459554835937733,0.1515615829981331,0.2977875859969724,-0.6497906184637988,-0.30237233226910637,-0.04029987464838044,0.2430181447088185,Class_1
4.267923540552742,3.6734727679884744,-0.5108568944814421,-0.33824327444712754,1.3069995653373443,0.8710723692038088,-0.031095508499655502,0.3489516362695138,-0.031002004683015873,0.22460936064251713,Class_3
0.8007315435423187,-1.6386251042321658,1.1841843431555705,0.2895266790227563,0.014624676465708641,2.017992583414378,0.08760570945425603,0.9770787168751431,-0.3594161938043652,-0.24178074192326854,Class_1
3.628079688480955,2.5912780188431266,-0.36467389607095657,0.23829759342172677,-0.746822752996815,-1.7061790089266302,0.8367260451492685,-0.31217269485661203,-0.04773212354453652,0.278276562266879,Class_3
3.9910599592524476,2.7147923756975434,-0.96421845449154,0.10146905899094523,-0.3242125390713205,-0.01293454805739186,-0.01177607543711906,0.09864613281560333,0.7814443842540989,0.2267543562772337,Class_3
-1.5829865774503553,0.4673223201457149,0.6351956192554082,0.6818023787066538,0.10986711873956656,0.23707710109488644,-0.10850852521218521,0.02175733432173304,0.3202398976004119,-0.0495471501206345,Class_1
0.8050278655130737,-0.8694696367858233,-1.068526861568006,-1.094163523544918,0.11677311897910131,1.411321293232405,0.21647991268034808,-0.14830372953489918,-0.5738456949078337,0.23502209368410112,Class_1
-0.09466518100955651,-0.661304479582034,2.3546578586921387,0.6752646025150146,-0.7510348247837719,0.6600810300406417,-0.6612289783717851,0.7817066794160542,0.6285746084312864,-0.934908169766082,Class_1
4.212778963686591,0.580121401919623,1.8293298136192788,0.639200896280703,-0.6175681293812492,-0.609230387682093,1.2133582431727612,-1.2647800388471515,0.16202851411078031,0.2161314753170778,Class_3
1.5936713582568545,2.2770514437242952,-0.05513223759792646,-0.7294517599432164,-0.3300612254691232,-1.5361294382891229,0.4093888218774303,0.32576099566975286,-0.058382957897623315,-0.046818094369585436,Class_2
-1.4304617080129356,-0.7030008350141852,1.662381771367272,0.3892001424998903,-1.5387861750964331,0.5595283183075425,0.2411244763403286,0.2986141091266924,-0.5511460749182117,-0.04669342944997417,Class_1
0.14277184483982944,-0.29343995554730473,0.33639045677963064,0.9688015750932898,-1.6105254165230776,0.07874949215485733,0.2744419176586822,0.24993206187018563,-0.36547813785773664,-0.15042987357041313,Class_1
2.6182408549721856,3.595748803628248,-1.635152679614259,-2.242813995759222,0.855578182606381,-1.3764906739828933,-0.6888087503771186,0.1206609674583905,0.04260472481695053,-0.3538129474110131,Class_3
0.8444694081755317,-2.04162338422755,-0.5379650202082179,-0.008445488162971103,1.6972864899367859,-0.7558463015787302,-0.49790769739511453,-0.016806282351856515,0.17625248417843978,-0.19496185327972265,Class_1
0.532492889046061,-1.518728797129832,1.078219349634598,-0.1092025944180621,0.2339209842667294,-0.17927299802215668,-0.36086877666862666,-0.938276353020937,0.09191725816125218,-0.9539037789386955,Class_1
0.046754733920738104,-0.4414614224630654,-0.5487875763763307,0.9644898678906219,0.828192318090126,-0.47173606135565893,0.6000394782134306,-0.1798148362262311,0.16708820862244872,-0.18615952646896142,Class_1
4.216259844164661,3.359785022961997,1.3114556247325098,0.44194805743414556,-1.5952595852149296,-0.08863041766516008,0.19480708868545193,-0.07541885578334766,0.7605031135796899,-0.18741102831090306,Class_3
4.505522934415025,2.849556822098119,-0.1816392853819678,1.1123743938045454,-0.4122866130329428,0.8418532843806038,0.5364890238830059,-0.34838590921478746,-0.3186538735143975,-0.6346652482733496,Class_3
0.8073876647762652,2.1449250779954308,-0.8144213062122216,0.19731346771626565,0.5401433600326727,0.12458582330289336,-0.15676484308619895,0.7408317012312994,-0.032094088554248876,-0.17901468987349317,Class_2
0.787269007254882,-0.18361262795854605,-0.6490327846246993,0.01938396926791787,1.298463685824518,0.34833310060979267,0.4345780321946366,0.23160314604956153,0.20430365385088373,-0.7572351545903835,Class_1
0.401448368926995,0.1709561930865524,0.14918947821897402,-0.43948444570227735,-0.8179435441180237,-0.33449343091203576,-0.25148738527567155,-0.5448165186711942,0.10838778188131455,0.357304895318309,Class_2
-0.7805111461418163,-0.3356295221403061,0.5444638828928231,-0.6016460734330344,-1.1525295323277234,1.1346569058149982,0.12769187783715855,-0.3157888645826657,-0.5282788213801264,-0.3473001845815723,Class_1
-0.6721690608448018,1.0639969780784573,-0.35883501982281585,0.7268525687187734,0.0345667819650703,-0.20558045805242262,0.5621766799352513,-0.22152201056424115,0.4757246385290433,-0.2549033465954413,Class_1
2.65921450615214,1.8504869790102945,0.11892905949335394,-0.17072593905650715,-0.0063319369495796925,-0.5345916142481997,0.8747919521027103,0.904653174866555,0.14781224437354754,0.30510808479461127,Class_2
4.3122601288397675,2.840328687156455,0.5831072850714949,0.886397829923632,-0.3448919983858699,-0.15599365090307765,-0.6755371831040107,-0.1757071178568663,-0.22500642899790685,0.22530170643126943,Class_3
-0.8146043544901487,-0.1486387596387283,1.2182775405223913,-1.9993607323526923,1.3738144547645297,-0.44083902018481075,0.26731454306121766,-0.22582973807981135,0.8736815989577791,-0.8156379077304727,Class_1
1.8639231975455175,-0.43827443398440463,0.27391031185993175,-0.25427863335533635,-0.5370936544978927,-0.37401253210839025,-1.3178738695084389,0.09751249201406337,0.46609578213019237,-0.6187133191112862,Class_1
2.2198176494066026,2.8175099898892304,1.4970168440851042,-0.49712787766194133,0.9524265824856006,0.4113404422575583,0.2571273780089175,-0.4305439550867852,0.8520527581277456,-0.19426038759150463,Class_2
0.41398022666757806,2.606112955569853,-0.14861152457847268,0.1631973444933973,-0.6645157845958872,-1.0833011539389104,-0.021738474906931215,0.705229572601752,-0.7025949234017875,0.5769503671278737,Class_2
-0.29937605148122065,0.23784529985159913,-0.10256535274760216,0.6794395976735601,0.25657681142281996,-1.762930129981288,0.5482346169054418,-0.24360146059746357,-0.8274437181141481,-0.39009956455873135,Class_1
0.5387970094780681,1.221416320721675,-0.8359131581406739,0.8078143089553121,0.39502277321488033,-0.8353527726328209,-0.28238700208547113,-0.5755070418097535,-1.4955679854503616,-0.35608693208802183,Class_2
0.42332563896385106,-1.0684456177221486,-0.5657945433521635,-0.19654249952278818,0.3037600795969134,0.34545246867616103,0.8596889531036483,-0.1510227497449321,-1.060350076317533,0.07017993492402348,Class_1
2.282104569348746,1.3149444238970196,-0.1092790139642935,1.4496928557127942,-0.8956497028579262,-1.2779970325199546,-0.8032885503693397,0.19896352497340447,-0.07952260520002565,-0.10330563984802332,Class_2
-0.23562050614798732,-1.9334886268046325,0.019317483522185187,-0.6671349723305169,0.05958218935705237,-0.41052077527531683,0.42922555832833265,-0.25821482194378587,-0.9103016502742586,-0.04831183500744486,Class_1
0.9917893029615445,-0.9453092729791365,2.2976609242124693,-0.4987057810958946,0.6153490269009902,-0.27350298205869905,-0.117203900158161,-0.702783509589321,-0.41863121552485016,-0.168127369340536,Class_1
1.6435933954643471,3.0824342030664957,1.455422998759085,0.3738854773516272,0.08343107179606239,0.665200548624902,-0.6282534471396282,0.16692998328426734,0.2541343198372948,-0.43194148029488305,Class_2
0.29117085250841235,0.24266277319200785,0.08205033762106809,-0.5065040989616809,0.28982982081128617,-0.7657430150607841,-0.43414636593818323,-0.0369737828041963,-0.4744582604124186,-0.5192719104219862,Class_1
1.7854718238277234,1.260565665175401,0.3785588992339799,-1.071171774145463,0.38046641722801033,-0.19096442471523267,0.3448539026225972,-0.32604444429653034,-0.5838897756339675,0.1121082021453965,Class_2
2.8548103627972323,2.672840253660698,0.30354072075618466,-0.5445248219750406,0.9774033385667301,-0.9898730287974854,-0.6228586882231922,0.7770802103573871,-0.8197420812627171,0.23673594951761423,Class_2
1.6284100616115156,0.18254437964523715,-0.5269689664756001,0.578429085362124,-0.9420964838427683,-0.505023815285465,-0.13582755516302664,-0.5948333295451806,-0.5020272984210049,0.943843828670095,Class_1
2.4157835951454167,1.0734756113698678,-0.05755404455640428,-0.8094199952982849,-0.1034627385327785,1.9361220738058431,-0.41270526498947757,0.5225442370423767,0.3752895837608828,0.18070865863655144,Class_2
0.7149228148959825,0.3933939246436774,1.2150839076899425,0.8195818787141367,-0.09870219952655038,-0.24539861259054263,-0.3578799945553759,0.5152902928120286,0.11027071350693343,-0.39187676056221415,Class_1
0.40587625948397044,-1.3812745601862404,-2.153452526468684,1.163060392220228,-0.2637334971282472,0.40204546683178044,-0.4593432557430472,-0.43990717675102714,0.47765027911887653,0.747469113726618,Class_1
4.541695163546929,3.3562665075877396,0.80378957376618,0.5824545365176039,-1.3193853178457244,-0.3447830132433178,0.18605273630343144,0.4372585370662613,0.132010040666835,0.48921105601401754,Class_3
3.954323460083811,1.5139704113101538,-1.682761934200815,-0.6314107471491011,-0.4980173131785298,1.5361919431590563,0.1403182022450682,-0.030882099930064463,0.2717396893350465,0.48765622923898944,Class_3
4.729039872739713,3.356298658855798,-1.0642875703937207,0.3780551857778224,-1.0634241155524857,1.0750478940970467,-0.3128386437481062,-0.17596065890825455,-0.48002314763973186,0.6652874520195201,Class_3
0.2774580157333617,0.5104071145923903,-0.3929878195870725,-1.2404622016156897,2.157089785989228,0.3084825694720752,-0.3452705261581297,0.4511385868933236,-0.2695613515744893,0.598623461822614,Class_2
1.791679846687613,1.4442496149235569,2.492067212432836,0.25130899539137985,0.5159543988887791,-0.34473897867284153,-0.3029304103794467,0.33957138771909773,-1.119115616662486,0.6002658292369363,Class_2
3.036939321035722,2.9011466145700116,-0.0830035336167185,-0.676363997133067,-0.3903077406133203,0.6059335401429475,0.1126539610204707,0.8499786872881903,-0.12169198968750904,0.029492110794798666,Class_2
4.81881332424413,2.7331550446475648,-0.41523144149528013,-0.2300540036496614,1.4014877714216352,-0.5825482350974206,0.41486620893958726,-1.1027830285495346,-0.41652802850037934,-0.7736519944691828,Class_3
2.0594606643782365,3.291558572500101,-0.3268464750293352,-0.24835938982281613,1.2321675353265966,-0.49942472680279243,0.24093303085924572,-0.4092143329710007,-0.26766754350811167,-0.5808919219561819,Class_3
2.919344897067006,3.095877119226451,0.5035518074563137,2.506039471079883,-0.378638471335832,0.4361510978450218,-0.34486388703208704,-0.12204023683710065,-1.0652832399036003,0.3798561477420842,Class_2
-0.6420517681563322,0.2524010919900149,1.251835675425156,0.6854346163127468,0.14099457354670358,-2.033177868737727,-0.38332829389167394,0.3659353521441477,0.22884329302677595,-0.5585932308535013,Class_1
2.100233955549975,1.662900840526079,-0.6216020006686153,-0.8582845541090351,-0.26459272872702566,-1.3580825508522643,0.7320886193762187,-0.1280898762476902,0.6318533388273343,-0.7333925953078385,Class_2
-0.9170968209606848,-0.5488223497718114,0.5646577904194247,-0.1606016566308191,-0.3424080910607419,-0.47738652122735037,0.19457959783396436,-0.32488261342413355,0.6361767500533839,0.2610712729669679,Class_1
2.4509974811312967,2.4260660880980547,1.08906859567441,-1.46979565367655,-0.21001443313891768,1.446447999916298,-0.9598365780988282,0.30623439700680116,0.19149449237046423,0.0717939682525801,Class_2
1.5820303826956525,1.442423606821471,1.3607113971054543,-1.1866201852081821,-0.057774721913603444,0.46478492864129317,0.40569827724579605,0.4485330984435661,0.45769513778008086,0.5413455269435367,Class_2
-1.8481411195272182,1.1651279171686715,0.12763599470261783,1.14893997053577,0.11709810556286475,-0.8423405474537078,-0.4587514105071318,-0.003260657614729031,-0.16062138305895585,-0.6985590925564956,Class_1
1.053008532465293,-1.2123139337812427,0.5958703845469006,0.09002100812782687,0.9639672166574805,0.1946615584533346,0.23600113545963725,0.276625609992392,0.09705381547667885,-0.19784035587813192,Class_1
3.2339895441591064,4.620190634685856,-0.6529325150779433,1.1185088994800252,0.7679631054117464,-0.1704182782121384,-0.7242957073167721,-0.37328917327011946,-0.034317023042734304,0.30412309584248426,Class_3
3.9788375376574443,1.2406426599695368,1.9233491448641185,0.621321608245283,-0.18011359224725365,0.0013734757835785552,-0.4631905649907692,0.8425071393542547,-0.22776976301193536,-0.018785322489740634,Class_3
0.29056547192127297,0.1882512966827279,0.8412422122180049,0.27691378555169305,-0.7452635039246316,-1.6163164144505673,0.1702946082002484,0.04099777820678021,0.18436657365875986,-1.4160777990552849,Class_1
0.08049033610554443,-1.549459821606587,-1.3716370389085017,-0.9006536450726468,-0.37501337607220575,-0.06421554306317225,-0.3929930163174912,0.13022113166677798,-1.0435135093010344,0.10116439821140101,Class_1
0.7504484927472188,-2.3681577809969308,-1.9176082386322084,-0.17458723818098962,-1.133721699594342,1.961330823334404,-0.5559835128870818,-0.14243774668483541,0.05287689563574021,-0.37621761867651754,Class_1
-0.8219122608920283,-0.5489205440695948,0.4155987865242675,0.02572666538804093,1.168822190957047,-0.10515593604886181,-0.2086834068025422,0.9935305558497206,0.4380233962648971,0.020662816135309233,Class_1
5.898052222732127,2.1689937526461467,1.8573313449160516,-0.643426523717737,-0.17096330667657164,-1.3475338786502824,0.3255681209118285,0.22737045607056733,-0.2851756832068403,0.07902674496006593,Class_3
2.429896913075109,3.831751432332778,-0.2047614165042976,-0.4722359684330764,0.7805234654282338,1.088548309427134,0.6117844412093137,-0.5210222061215515,0.14436183141251163,-0.16539461216377868,Class_2
0.7013546117859002,1.6596374336208455,1.6219062952177117,-0.906642965305353,-0.8359639843231822,-0.29678813827580675,-0.6188312111636489,-0.47417400211210037,0.340679755221474,-0.26466605622418554,Class_2
2.8790625259005496,1.2270783619525454,1.3654737326053128,1.0952371231049427,0.4709035383779486,-1.3271754276611958,0.34102603285630995,-0.32891727692606854,0.6089795761527792,0.8674682879184042,Class_2
4.115420673948256,2.3114886485186203,0.6409120097098551,0.18376584439873936,1.294552054134211,0.4740742167426288,0.6223397903683934,0.011951521642477736,-0.5650346695201789,0.28619515558783787,Class_3
4.197995573961291,3.1222165122213625,-0.6856967965757172,0.32647078829135845,0.3344610766020999,0.6345687876586009,-0.45809595774062123,-0.4538780900734602,-0.27413439746253854,-0.685836848615233,Class_3
-1.0551708891102207,-0.2738304506790368,1.7957227469568544,-0.9538701794227176,-0.2605474003831066,0.156337802329366,-0.3033501473826482,0.28656390662060005,0.12887627007137534,0.35635601443066567,Class_1
4.375645374218187,2.4661591707296036,-0.49786302882152833,-0.3060589337901779,-0.7474953263677415,-0.3107937081238866,0.249842555151467,0.08591966989676565,0.5898626041803551,-0.6010747630380444,Class_3
2.5201637135965713,0.9630396296424386,-0.4900859492787264,0.4346853437193253,1.1438002813571482,-0.30013985136574095,-0.39188283279319824,0.0078091669748015236,-0.30393763033790894,0.21274496662011513,Class_2
1.4983389830064646,3.258237631892914,0.564750616110239,-1.187824547853118,0.1318624278227305,-0.4821007661567391,0.01269421027120509,0.378394339993491,-0.19251090585643182,-0.9755509320193124,Class_2
1.5874971802542897,3.3024876781568038,1.351977439791722,0.46235803564358247,-1.1352520060621398,0.0923931892395218,0.5847949962138868,0.3945283436877594,0.4225789855921608,-0.2315806810426995,Class_2
3.6200206775869073,1.9623451688696256,0.5886884583123406,0.4114468844693917,1.0040687255665772,0.6153589858339712,0.11970225026768853,0.44512375041825436,-0.11526231259012541,0.10219451580148839,Class_3
3.077252981196796,3.2322110742726355,0.39278218838018664,-0.01652133820808368,1.300992823373857,-1.09504066718604,-0.5069479761462689,0.3147647921109054,-0.41225708076383677,-0.30325169410786995,Class_3
4.0820704234281395,3.5061377094659294,-0.3073141469157183,1.6980217588528321,0.10967643784161632,1.3201418476114664,-0.02141169065578744,-0.20649891107171703,0.03601843064187246,1.1408259182694214,Class_3
-0.44064110318977123,-0.9821470976446398,-0.03287402004263972,0.25601949733916135,1.8622164322802166,0.7443690027149764,-0.5654442176629579,-0.24265291768393416,0.4927248428076092,-0.2057465722810901,Class_1
0.05897530759716729,0.12723033850394905,-1.144791528759773,-0.1214014781623971,0.36059119363007347,-0.597958784445328,0.41302358572075315,0.4706552903837417,0.8129794576810316,0.08523188549828545,Class_2
2.444967057019774,1.0859254245498664,0.6819967996882148,0.15280741418596822,1.3898493444943498,-0.22549438393653704,0.0016877532985804995,-0.3791410344437951,-0.11827764360947302,0.05470423591648503,Class_2
-1.0625929021265526,0.20598724770491747,-0.6500060545835449,0.290015233083429,0.6787328306005851,-1.2205439905556281,0.029011367404197613,-0.4633491544236554,-0.10610448495057609,-0.3088208384668483,Class_1
3.9178141514656386,2.3084084446284647,-0.423581359926097,-0.23619388239474515,1.0877689725556239,-0.153795694917874,0.08841043606969899,0.3098557229830681,1.3465168319902483,-0.43019250538975096,Class_3
1.5352936193953046,0.4873850846089731,-0.5879841086782438,-1.5468378781594507,-0.08321992508942719,-0.8167283292705172,-0.03358914502467763,0.25539604426379736,-0.55243139653126,-0.1442743479378524,Class_2
2.2756399580620013,0.7553487035993571,0.15864331449085906,0.0655743232627147,0.7905581293360157,-1.3929535769071595,1.0442213864349625,-0.10223561049306076,-0.8152366218575701,-0.4483211136576041,Class_2
0.44811189164917575,2.158176984287142,-0.523063805148171,1.2527779152571987,-0.4246827047879651,0.2919872015149454,0.23681603840572724,0.6154372565773675,0.43457729624844826,-0.04461707711072446,Class_2
0.49398383119193107,-0.29084569595371285,0.1367163851539253,-1.482319100099409,0.7946845557675245,1.452577322497754,-0.9399621925695225,0.7865098626074284,0.3887036763822556,-0.18460360022372307,Class_1
-0.7412402426782724,0.42212310705421485,1.2644928997917813,-0.6052710190764663,0.9616883120045974,0.9503878687821544,-0.30611836725387515,0.5118547730534907,0.1647543677865045,0.5353052799895931,Class_1
1.8283757508172138,0.0987100553913649,-0.7822868233974368,0.37586363479704754,0.08456936194584627,0.35369566606805924,0.17002564728444522,0.6644666597677048,0.14366445220150464,0.28992864264756607,Class_2
4.033483527424253,3.512339952490585,0.8482380682403667,-0.5494009818118719,0.10802751407356415,-0.015091832178092374,0.042946503146665205,0.31275400841551787,-0.08778197274960775,-0.09713456598925965,Class_3
2.3875828303081423,0.3809699156306452,-0.3354131748844082,0.05423129913387975,0.24573993359108937,-0.16853203226287639,-0.02270560896611911,-0.7677860616035529,0.6941688891042239,0.6094853948968316,Class_2
-0.7178959691945392,3.0042165440295014,0.06649970907091692,0.8134984973668987,1.5543623007994753,-0.7115707041200406,0.15190929780243786,-0.504277342038104,-0.015529466435450976,-0.3665164977619947,Class_2
-0.8498717522510476,0.37234335311427247,-0.9078122688550222,0.5401737441791078,-0.05805529084362701,0.783470731020842,1.492629501301705,-0.25287335213096834,0.37250265643864056,-0.30608345857741037,Class_1
-1.019188666633277,0.38027610699442627,0.708996824353543,-0.6711160114229435,-0.13193121002373606,0.40416669530410926,-0.24595122375310258,0.15055366959587094,-0.07762952441237438,0.21865659351948036,Class_1
3.697114625588905,3.481700479337456,-0.4650049012968222,-0.8424195194136836,0.06436493501175063,-0.023721926191181797,0.5236588533107241,0.3522532699123615,-0.13944169707537826,0.6001308748694146,Class_2
1.2482486657502,2.323319245398381,-0.16595896392720874,-0.13991472487713064,0.1270432892907539,-0.16535585401397213,-0.4000192821988232,-0.2280604137370941,-0.5651018623369619,0.4464769350543846,Class_2
3.3944503513480253,-1.0092601879763996,-0.7505931618161416,0.36535391586186516,-0.33644373550949735,0.8914588646222639,1.1819362473096804,0.29101328354236344,0.2291933517757422,0.8512573290648028,Class_2
4.013952390789372,0.7795631405115026,-1.2985787504736623,0.16182241538664568,0.22388373054848498,-0.5991519758910585,1.4745472126543626,0.07244391654844559,-0.20809720244262697,-0.6465707718793239,Class_2
2.2435552430229326,3.5768892099412746,1.2054409197851599,-0.36466338870965087,-0.198090060453667,0.5695714439934985,0.5088307334217512,0.2993971947809551,0.9162785217396009,-0.29179966317300243,Class_3
1.2390104304282263,1.4692619748876286,1.139437643952852,-0.11770624896339238,0.6097606598604816,0.5148293437477264,-0.246561411199886,-0.019653643813815593,0.38410360831586865,-0.047229357221001377,Class_2
4.6393393380541035,2.705821252961997,0.6500557244227203,1.298757283434673,-0.4725263264741778,0.057495976964575445,0.8793102420975667,0.23972075904303194,0.09990521685935674,0.25781404422197823,Class_2
-0.2679851560144433,-1.4690019428734171,0.23758229341289025,-0.30360758204078836,0.7424021023667442,-0.7725247194102258,-0.16565419159166136,1.0061352228503826,-0.28491646411937926,0.8247404471619605,Class_1
